repo,total_views,total_unique_visitors,total_clones,total_unique_cloners,total_downloads,last_date
MuteJack/C_Percent_Language,14,4,383,177,0,2026-10-07
MuteJack/Diff_Patch_Generator,2,2,45,45,239,2026-10-08
MuteJack/EllsTalesChairbound-AutoSplitter,14,2,219,150,0,2026-10-07
MuteJack/LiveSplit.AutoSplitters,18,2,39,32,0,2026-10-07
MuteJack/MuckKorean,284,111,94,71,2850,2026-10-08
MuteJack/MuteJack-s-Batch-and-ShortCuts-Windows-,17,4,49,48,0,2026-10-07
MuteJack/MuteJack.github.io,2,2,582,438,0,2026-10-07
MuteJack/Mycopsychosys-UnOfficial-Patch,1601,310,376,261,45655,2026-10-08
MuteJack/Mycopsychosys-UnOfficial_Korean_Translation,430,112,151,126,735,2026-10-08
MuteJack/PLC_Quence,1,1,84,69,0,2026-10-07
MuteJack/Traffic_Collector,113,4,2242,1279,0,2026-10-07
MuteJack/Trans-To-Vostok,0,0,0,0,1569,2026-10-08
